time,lat,lon,elevation,accuracy,bearing,speed,satellites,provider,hdop,vdop,pdop,geoidheight,ageofdgpsdata,dgpsid,activity,battery,annotation
2018-08-16T01:54:53.000Z,43.783119,-79.468935,160.197448730469,13.936001,17,0.76,0,gps,98,,,,,,,,
2018-08-16T01:56:27.000Z,43.782993,-79.469462,124.197509765625,13.936001,223.1,4.16,0,gps,0.8,1.2,1.4,-41.9,97,,,,
2018-08-16T01:57:52.000Z,43.781226,-79.469196,142.616088867188,9.648001,176,5.9,0,gps,0.7,0.7,1,-41.9,97,,,,
2018-08-16T01:59:09.000Z,43.784467,-79.470048,171.8046875,13.936001,1.4,10.66,0,gps,0.9,0.9,1.2,-41.9,97,,,,
2018-08-16T02:00:53.000Z,43.78738,-79.470252,142.083435058594,13.936001,307.4,3.14,0,gps,0.8,0.7,1.1,-41.9,97,,,,
2018-08-16T02:02:29.000Z,43.787528,-79.470784,30.8773803710937,10.72,0,0,gps,0.6,0.7,0.9,-41.9,97,,,,,
2018-08-16T02:04:10.000Z,43.787704,-79.471036,-11.2256469726563,17.152,0,0,gps,0.8,0.8,1.1,-41.9,97,,,,,
2018-08-16T02:05:54.000Z,43.787417,-79.470906,199.413024902344,7.504,119.8,0.35,0,gps,0.8,0.8,1.1,-41.9,97,,,,
2018-08-16T02:07:10.641Z,43.787723,-79.469778,24.994,0,network,97,,,,,,,,,,,
2018-08-16T02:08:27.000Z,43.78878,-79.471154,160.10595703125,11.792,281.6,0.75,0,gps,0.8,0.7,1.1,-41.9,97,,,,
2018-08-16T02:09:30.000Z,43.791251,-79.47105,151.713439941406,10.72,349.3,13.53,0,gps,1.3,0.8,1.5,-41.9,97,,,,
2018-08-16T02:10:41.000Z,43.792402,-79.472607,126.822570800781,11.792,333.2,0.46,0,gps,0.9,0.8,1.2,-41.9,97,,,,
2018-08-16T02:11:45.000Z,43.79249,-79.472345,112.764892578125,18.224,0,0,gps,0.9,0.8,1.2,-41.9,97,,,,,
2018-08-16T02:13:44.000Z,43.793119,-79.474205,145.64453125,31.088001,326.4,5.55,8,gps,-41.9,96,,,,,,,
2018-08-16T02:15:11.000Z,43.793502,-79.474372,163.626342773438,7.504,173.9,0.29,0,gps,-41.9,96,,,,,,,
2018-08-16T02:16:16.977Z,43.793436,-79.474129,155.199996948242,21.458,0,network,96,,,,,,,,,,
2018-08-16T02:17:43.000Z,43.793171,-79.47674,147.028869628906,11.792,98.1,4.18,0,gps,0.9,0.8,1.2,-41.9,96,,,,
2018-08-16T02:19:04.000Z,43.792292,-79.471481,184.306884765625,16.08,0,0,gps,0.6,0.7,0.9,-41.9,96,,,,,
2018-08-16T02:20:39.000Z,43.798597,-79.472735,107.64404296875,19.296001,350.8,14.03,0,gps,0.7,0.7,1,-41.9,96,,,,
2018-08-16T02:21:41.000Z,43.805767,-79.474475,174.615966796875,12.864,351.1,12.41,0,gps,0.6,0.7,0.9,-41.9,96,,,,
2018-08-16T02:22:47.000Z,43.813378,-79.476089,169.808654785156,12.864,351.1,13.62,0,gps,0.6,0.7,1,-41.9,96,,,,
2018-08-16T02:24:26.125Z,43.825183,-79.478693,215.962219238281,5.36,349,11.91,17,gps,0.6,0.7,0.9,-41.9,95,,,,
2018-08-16T02:25:36.789Z,43.830146,-79.480183,25.618,0,network,95,,,,,,,,,,,
2018-08-16T02:26:41.000Z,43.837906,-79.481891,190.212524414063,11.792,349.6,12.6,0,gps,-41.9,95,,,,,,,
2018-08-16T02:28:17.000Z,43.844702,-79.483411,202.12353515625,10.72,350.8,13.78,0,gps,0.6,0.7,0.9,-41.9,95,,,,
2018-08-16T02:29:20.000Z,43.852668,-79.485365,175.856506347656,15.008,350.1,16.45,0,gps,0.7,0.7,1,-41.9,95,,,,
2018-08-16T02:30:42.000Z,43.860665,-79.487292,182.849670410156,24.656,349.6,7.04,0,gps,0.6,0.8,1,-41.9,95,,,,
2018-08-16T02:31:45.000Z,43.862947,-79.487903,193.881225585938,12.864,346.1,4.81,0,gps,0.6,0.7,0.9,-41.9,95,,,,
2018-08-16T02:33:18.000Z,43.875607,-79.490944,210.463623046875,11.792,351,14.9,0,gps,0.6,0.8,1,-41.9,95,,,,
2018-08-16T02:34:27.000Z,43.885202,-79.493211,253.200439453125,12.864,349,16.47,17,gps,0.6,0.7,0.9,-41.9,95,,,,
2018-08-16T02:35:52.000Z,43.897211,-79.496155,256.605102539062,13.936001,0,0,gps,0.7,0.7,1,-41.9,95,,,,,
2018-08-16T02:36:55.000Z,43.895542,-79.504972,237.847045898437,12.864,257.1,3.19,0,gps,0.7,0.8,1.1,-41.9,95,,,,
2018-08-16T02:38:27.000Z,43.89187,-79.5133,270.17919921875,9.648001,202.8,4.69,0,gps,0.7,0.7,1,-41.9,95,,,,
2018-08-16T02:39:27.219Z,43.887993,-79.514823,19.313,0,network,95,,,,,,,,,,,
2018-08-16T02:40:52.000Z,43.884829,-79.519726,201.707946777344,11.792,215.5,10.04,0,gps,0.7,0.7,1,-41.9,95,,,,
2018-08-16T02:42:26.126Z,43.873409,-79.516395,222.202514648438,7.504,88.5,7.07,15,gps,0.7,0.8,1,-41.9,95,,,,
2018-08-16T02:43:27.706Z,43.874516,-79.510712,273.075073242188,5.36,161.6,8.72,9,gps,-41.9,95,,,,,,,
2018-08-16T02:45:04.533Z,43.867173,-79.51012,226.287719726563,5.36,161.7,11.73,6,gps,-41.9,95,,,,,,,
2018-08-16T02:46:27.000Z,43.863158,-79.503755,223.503051757812,4.288,89.5,8.24,0,gps,1,0.9,1.3,-41.9,95,,,,
2018-08-16T02:47:27.259Z,43.858321,-79.498265,25.112,0,network,95,,,,,,,,,,,
2018-08-16T02:48:49.000Z,43.861934,-79.487602,192.168273925781,6.432,348.7,10.66,0,gps,0.8,0.8,1.1,-41.9,95,,,,
2018-08-16T02:49:53.000Z,43.869296,-79.489459,227.123229980469,7.504,350.5,14.42,0,gps,0.7,0.7,1,-41.9,95,,,,
2018-08-16T02:51:05.231Z,43.878582,-79.491593,19.298,0,network,95,,,,,,,,,,,
2018-08-16T02:52:27.000Z,43.88507,-79.493217,245.968566894531,4.288,345.5,16.02,0,gps,0.9,0.8,1.2,-41.9,95,,,,
2018-08-16T02:53:43.448Z,43.887558,-79.496675,22.304,0,network,95,,,,,,,,,,,
2018-08-16T02:54:44.432Z,43.883787,-79.496368,31.878,0,network,95,,,,,,,,,,,
2018-08-16T02:55:48.000Z,43.881649,-79.492458,208.499755859375,17.152,166.6,11.44,0,gps,0.8,0.8,1.2,-41.9,95,,,,
2018-08-16T02:57:05.977Z,43.873248,-79.490428,228.105285644531,6.432,171.6,16.29,17,gps,0.6,0.7,0.9,-41.9,95,,,,
2018-08-16T02:58:46.000Z,43.861374,-79.487596,184.743774414063,12.864,167.3,6.97,0,gps,-41.9,95,,,,,,,
2018-08-16T03:00:27.000Z,43.84976,-79.484803,176.31787109375,10.72,171.9,14.1,0,gps,0.7,0.7,1,-41.9,95,,,,
2018-08-16T03:01:29.000Z,43.846267,-79.483788,187.751525878906,11.792,286.7,2.89,0,gps,1,0.9,1.4,-41.9,95,,,,
2018-08-16T03:03:06.170Z,43.857053,-79.486414,193.799377441406,5.36,350.6,11.93,16,gps,0.6,0.7,0.9,-41.9,95,,,,
2018-08-16T03:04:28.000Z,43.861023,-79.487375,200.65185546875,9.648001,101.2,0.19,0,gps,-41.9,95,,,,,,,
2018-08-16T03:05:49.932Z,43.869843,-79.489645,227.133605957031,8.576,351.2,11.85,16,gps,0.7,0.7,0.9,-41.9,95,,,,
2018-08-16T03:06:56.000Z,43.877604,-79.491716,307.684326171875,24.656,351.5,15.57,0,gps,-41.9,95,,,,,,,
2018-08-16T03:08:25.306Z,43.883469,-79.493858,21.268,0,network,95,,,,,,,,,,,
2018-08-16T03:09:31.000Z,43.879579,-79.491917,257.295166015625,10.72,162.9,7.24,8,gps,1.4,1,1.7,-41.9,94,,,,
2018-08-16T03:10:40.000Z,43.870677,-79.489818,230.56640625,11.792,171.1,16.82,0,gps,-41.9,94,,,,,,,
2018-08-16T03:11:42.000Z,43.861753,-79.487713,201.905029296875,8.576,169.3,10.83,0,gps,0.9,0.8,1.2,-41.9,94,,,,
2018-08-16T03:12:44.000Z,43.859181,-79.487106,211.672973632812,11.792,170.1,10.37,0,gps,0.7,0.7,1,-41.9,94,,,,
2018-08-16T03:14:26.112Z,43.847846,-79.484335,203.92919921875,6.432,168.2,15.07,14,gps,0.8,0.7,1.1,-41.9,94,,,,
2018-08-16T03:15:32.000Z,43.842833,-79.483184,166.320495605469,10.72,161.1,0.69,0,gps,-41.9,94,,,,,,,
2018-08-16T03:16:55.000Z,43.842748,-79.480653,223.411987304687,19.296001,81.2,7.81,0,gps,0.8,0.7,1,-41.9,94,,,,
2018-08-16T03:18:25.395Z,43.844575,-79.472426,21.586,0,network,94,,,,,,,,,,,
2018-08-16T03:19:51.945Z,43.847553,-79.459252,163.578125,7.504,73,11.43,0,gps,0.7,0.7,1,-41.9,94,,,,
2018-08-16T03:21:32.000Z,43.850489,-79.445099,178.532470703125,8.576,73.3,12.04,0,gps,1,0.9,1.4,-41.9,94,,,,
2018-08-16T03:22:35.000Z,43.852376,-79.435797,181.888427734375,11.792,72.4,12.27,0,gps,0.7,0.7,1,-41.9,94,,,,
2018-08-16T03:23:36.107Z,43.854536,-79.426436,187.335083007813,5.36,76.2,14.23,17,gps,0.7,0.7,1,-41.8,94,,,,
2018-08-16T03:24:37.677Z,43.856418,-79.417699,202.451538085938,8.576,72.1,11.21,10,gps,-41.8,94,,,,,,,
2018-08-16T03:25:51.000Z,43.858085,-79.408305,180.427978515625,10.72,95.5,13.55,0,gps,-41.8,94,,,,,,,
2018-08-16T03:27:32.000Z,43.861113,-79.392323,183.955383300781,9.648001,72.7,13.62,0,gps,0.7,0.8,1.1,-41.8,94,,,,
2018-08-16T03:28:34.000Z,43.862753,-79.38572,183.114318847656,9.648001,73.8,13.35,0,gps,0.8,0.8,1.1,-41.8,94,,,,
2018-08-16T03:29:37.000Z,43.86504,-79.375776,157.611572265625,13.936001,69.6,14.95,0,gps,0.8,0.8,1.1,-41.8,94,,,,
2018-08-16T03:30:50.367Z,43.867475,-79.363492,32.1,0,network,94,,,,,,,,,,,
2018-08-16T03:32:26.108Z,43.858879,-79.360535,146.730773925781,3.216,169,13.3,18,gps,0.6,0.7,0.9,-41.8,94,,,,
2018-08-16T03:33:31.876Z,43.852769,-79.358833,162.637451171875,8.576,171.4,15.39,8,gps,1.1,0.9,1.4,-41.8,94,,,,
2018-08-16T03:34:53.000Z,43.850228,-79.358165,121.352844238281,11.792,31.4,0.48,10,gps,-41.8,94,,,,,,,
2018-08-16T03:36:26.120Z,43.843305,-79.35646,142.167846679688,5.36,169.4,15.84,13,gps,-41.8,94,,,,,,,
2018-08-16T03:37:27.712Z,43.834741,-79.354156,147.870849609375,4.288,169,15.32,10,gps,-41.8,94,,,,,,,
2018-08-16T03:38:34.000Z,43.82828,-79.352474,174.95166015625,7.504,168.6,14.13,0,gps,-41.8,94,,,,,,,
2018-08-16T03:40:18.065Z,43.818897,-79.350005,121.748474121094,6.432,169,13.35,13,gps,0.8,0.8,1.1,-41.8,94,,,,
2018-08-16T03:41:21.000Z,43.814322,-79.348702,104.265319824219,19.296001,167.8,5.97,0,gps,-41.8,94,,,,,,,
2018-08-16T03:42:27.000Z,43.814578,-79.340926,144.656127929688,8.576,155.1,10.72,0,gps,0.8,0.8,1.1,-41.8,94,,,,
2018-08-16T03:43:38.373Z,43.808914,-79.338576,32.867,0,network,93,,,,,,,,,,,
2018-08-16T03:44:39.978Z,43.801107,-79.334713,35.985,0,network,93,,,,,,,,,,,
2018-08-16T03:46:28.000Z,43.789585,-79.329783,148.981079101563,8.576,161.8,14.14,0,gps,1,0.9,1.3,-41.8,93,,,,
2018-08-16T03:47:29.210Z,43.782461,-79.326452,156.809753417969,6.432,161,13.71,14,gps,0.8,0.7,1.1,-41.8,93,,,,
2018-08-16T03:48:47.638Z,43.777466,-79.323487,25.377,0,network,93,,,,,,,,,,,
2018-08-16T03:50:26.093Z,43.771744,-79.322967,137.242004394531,8.576,71.9,5.32,0,gps,-41.8,93,,,,,,,
2018-08-16T03:51:27.266Z,43.773292,-79.322948,155.590270996094,5.36,153.8,0.51,9,gps,1.4,0.9,1.6,-41.8,93,,,,
2018-08-16T03:52:31.000Z,43.772068,-79.322154,146.793701171875,7.504,343.3,4.25,0,gps,-41.8,93,,,,,,,
2018-08-16T03:54:06.514Z,43.771034,-79.324544,170.3583984375,8.576,225.5,4.71,14,gps,0.8,0.8,1.1,-41.8,93,,,,
2018-08-16T03:55:06.906Z,43.771988,-79.330667,39.754,0,network,93,,,,,,,,,,,
2018-08-16T03:56:24.933Z,43.775252,-79.330234,139.300003051758,30,0,network,93,,,,,,,,,,
2018-08-16T03:57:28.574Z,43.775148,-79.323301,139.322265625,5.36,77.6,0.68,0,gps,-41.8,93,,,,,,,
2018-08-16T03:59:08.000Z,43.772079,-79.321438,144.426574707031,21.44,0,0,gps,1.1,0.9,1.4,-41.8,93,,,,,
2018-08-16T04:00:27.000Z,43.766869,-79.319136,219.747680664062,7.504,164.7,16.24,0,gps,0.8,0.8,1.1,-41.8,93,,,,
2018-08-16T04:01:52.000Z,43.763272,-79.31836,134.302001953125,18.224,0,0,gps,1.1,0.9,1.4,-41.8,93,,,,,
2018-08-16T04:02:54.000Z,43.763314,-79.318363,149.766418457031,11.792,0,0,gps,0.8,0.8,1.1,-41.8,93,,,,,
2018-08-16T04:04:29.000Z,43.763323,-79.318315,146.789367675781,22.512001,0,0,gps,1.1,0.9,1.5,-41.8,93,,,,,
2018-08-16T04:05:54.000Z,43.763325,-79.318291,142.684143066406,6.432,0,0,gps,0.8,0.8,1.1,-41.8,93,,,,,
2018-08-16T04:06:57.000Z,43.763333,-79.318257,142.291870117187,16.08,0,0,gps,0.7,0.7,1,-41.8,93,,,,,
2018-08-16T04:08:28.000Z,43.757857,-79.315331,132.124450683594,7.504,164.3,13.9,0,gps,0.9,0.8,1.2,-41.8,93,,,,
2018-08-16T04:09:34.000Z,43.754022,-79.314166,97.9032592773438,34.304,165.2,9.78,0,gps,0.9,0.8,1.2,-41.8,93,,,,
2018-08-16T04:11:06.578Z,43.743417,-79.310243,135.100006103516,18.77,0,network,93,,,,,,,,,,
2018-08-16T04:12:26.105Z,43.741215,-79.309347,155.434265136719,8.576,164.3,12.87,15,gps,0.7,0.7,1,-41.8,93,,,,
2018-08-16T04:13:26.498Z,43.734208,-79.306925,20.044,0,network,93,,,,,,,,,,,
2018-08-16T04:15:03.000Z,43.724948,-79.302907,132.409423828125,17.152,161.6,4.18,0,gps,1.4,0.9,1.7,-41.8,93,,,,
2018-08-16T04:16:28.000Z,43.718002,-79.299978,138.297729492188,10.72,163.4,14.33,0,gps,0.8,0.8,1.1,-41.8,93,,,,
2018-08-16T04:17:40.250Z,43.710235,-79.296374,107.5,19.093,0,network,93,,,,,,,,,,
2018-08-16T04:19:20.625Z,43.70263,-79.293476,19.568,0,network,93,,,,,,,,,,,
2018-08-16T04:20:50.587Z,43.694281,-79.287833,26.546,0,network,93,,,,,,,,,,,
2018-08-16T04:22:30.000Z,43.688546,-79.287348,103.697998046875,23.584,163.2,11.9,0,gps,-41.8,93,,,,,,,
2018-08-16T04:23:40.356Z,43.685879,-79.286214,22.755,0,network,92,,,,,,,,,,,
2018-08-16T04:24:44.000Z,43.681081,-79.284293,100.345397949219,16.08,0,0,gps,0.9,0.8,1.2,-41.8,92,,,,,
2018-08-16T04:26:24.944Z,43.677455,-79.281584,18.866,0,network,92,,,,,,,,,,,
2018-08-16T04:27:26.309Z,43.674493,-79.280458,26.401,0,network,92,,,,,,,,,,,
2018-08-16T04:28:27.359Z,43.672938,-79.286074,55.5,19.299,0,network,92,,,,,,,,,,
2018-08-16T04:29:40.651Z,43.670873,-79.296162,50.7000007629395,21.166,0,network,92,,,,,,,,,,
2018-08-16T04:30:59.000Z,43.66869,-79.305694,51.0133666992188,13.936001,252.1,7.01,0,gps,0.9,0.7,1.2,-41.8,92,,,,
2018-08-16T04:32:29.000Z,43.663192,-79.311299,29.8397827148437,12.864,252.1,12.77,0,gps,0.9,0.7,1.2,-41.8,92,,,,
2018-08-16T04:33:32.000Z,43.661053,-79.320267,52.7522583007813,13.936001,252.8,13.41,0,gps,0.8,0.7,1.1,-41.8,92,,,,
2018-08-16T04:34:35.000Z,43.659114,-79.328831,45.8923950195313,12.864,247.7,10.38,0,gps,0.8,0.7,1.1,-41.8,92,,,,
2018-08-16T04:36:02.311Z,43.655249,-79.337356,73.3821411132813,9.648001,152.7,0.29,13,gps,0.8,0.7,1.1,-41.8,92,,,,
2018-08-16T04:37:06.000Z,43.652868,-79.34285,42.974853515625,12.864,238.4,12.47,0,gps,-41.8,92,,,,,,,
2018-08-16T04:38:28.000Z,43.651005,-79.347601,65.8862915039063,21.44,238,2.75,0,gps,1.1,0.8,1.4,-41.8,92,,,,
2018-08-16T04:39:33.000Z,43.64939,-79.356974,44.0607299804688,23.584,275,11.82,0,gps,1.1,1,1.4,-41.8,92,,,,
2018-08-16T04:40:54.000Z,43.648748,-79.355836,32.587890625,8.576,130.1,8.67,0,gps,0.9,0.7,1.1,-41.8,92,,,,
2018-08-16T04:42:27.000Z,43.649422,-79.347379,22.1821899414063,16.08,57.2,10.82,0,gps,0.8,0.7,1.1,-41.8,92,,,,
2018-08-16T04:43:29.000Z,43.651924,-79.344115,32.844482421875,9.648001,331.4,5.41,0,gps,0.8,0.7,1,-41.8,91,,,,
2018-08-16T04:44:32.000Z,43.652156,-79.344099,43.8524169921875,11.792,57,4.11,0,gps,0.8,0.7,1.1,-41.8,91,,,,
2018-08-16T04:46:07.980Z,43.654148,-79.337223,40.5999984741211,34.157,0,network,91,,,,,,,,,,
2018-08-16T04:47:12.000Z,43.653227,-79.342812,77.7335815429688,13.936001,238.6,10.34,0,gps,1,0.8,1.2,-41.8,91,,,,
2018-08-16T04:48:53.000Z,43.651378,-79.347145,-61.4111022949219,32.16,0,0,gps,1.1,0.8,1.3,-41.8,91,,,,,
2018-08-16T04:50:28.000Z,43.648383,-79.354513,41.5964965820313,19.296001,268.9,9.92,0,gps,0.9,0.7,1.1,-41.8,91,,,,
2018-08-16T04:51:31.000Z,43.648912,-79.357497,9.35980224609375,25.728,246.7,9.24,0,gps,0.7,0.7,1,-41.8,91,,,,
2018-08-16T04:52:40.000Z,43.647871,-79.361447,-25.79052734375,27.872002,247.6,7.23,0,gps,0.8,0.7,1.1,-41.8,91,,,,
2018-08-16T04:53:47.000Z,43.64663,-79.365984,3.7154541015625,28.944,0,9,gps,1.2,1.3,1.8,-41.9,91,,,,,
2018-08-16T04:55:05.000Z,43.645423,-79.371738,48.9618530273438,39.664,254.8,13.1,5,gps,-41.9,91,,,,,,,
2018-08-16T04:56:37.000Z,43.646734,-79.379301,98.5591430664062,27.872002,17,2.06,0,gps,-41.9,91,,,,,,,
2018-08-16T04:57:42.000Z,43.647144,-79.377437,-7.428955078125,27.872002,24.8,4.62,0,gps,1.1,0.9,1.4,-41.9,91,,,,
2018-08-16T04:58:44.396Z,43.649816,-79.378225,75.5999984741211,18.716,0,network,91,,,,,,,,,,
2018-08-16T05:00:25.319Z,43.654174,-79.37975,66.1999969482422,23.297,0,network,91,,,,,,,,,,
2018-08-16T05:01:37.000Z,43.658476,-79.38186,94.603759765625,12.864,341.9,4.9,0,gps,1.1,0.9,1.4,-41.9,91,,,,
2018-08-16T05:03:03.000Z,43.66247,-79.383975,80.5247192382813,23.584,0,0,gps,1,0.8,1.3,-41.9,91,,,,,
2018-08-16T05:04:42.392Z,43.66829,-79.385858,79.6999969482422,18.652,0,network,91,,,,,,,,,,
2018-08-16T05:06:24.909Z,43.672846,-79.387604,79.5,28.628,0,network,91,,,,,,,,,,
2018-08-16T05:07:26.365Z,43.677679,-79.38974,81.5999984741211,21.051,0,network,91,,,,,,,,,,
2018-08-16T05:08:27.943Z,43.681307,-79.391353,26.767,0,network,91,,,,,,,,,,,
2018-08-16T05:09:30.096Z,43.686879,-79.393579,108.599998474121,24.936,0,network,91,,,,,,,,,,
2018-08-16T05:10:38.356Z,43.687164,-79.398026,113.5,24.33,0,network,91,,,,,,,,,,
2018-08-16T05:11:59.000Z,43.686816,-79.401838,178.671203613281,21.44,254.3,9.2,0,gps,1.1,0.9,1.4,-41.9,91,,,,
2018-08-16T05:12:58.878Z,43.685004,-79.409759,22.004,0,network,91,,,,,,,,,,,
2018-08-16T05:14:28.000Z,43.683688,-79.41605,137.2109375,15.008,254.6,10.87,0,gps,1,0.8,1.3,-41.9,91,,,,
2018-08-16T05:15:28.318Z,43.682719,-79.420192,121.300003051758,21.177,0,network,91,,,,,,,,,,
2018-08-16T05:16:56.648Z,43.68082,-79.430081,118,19.139,0,network,91,,,,,,,,,,
2018-08-16T05:18:25.295Z,43.679622,-79.435446,113.900001525879,19.837,0,network,91,,,,,,,,,,
2018-08-16T05:19:25.842Z,43.679476,-79.436539,112.900001525879,20.576,0,network,91,,,,,,,,,,
2018-08-16T05:21:00.000Z,43.678107,-79.442993,114.095703125,9.648001,0,0,gps,1,0.8,1.3,-41.9,90,,,,,
2018-08-16T05:22:24.937Z,43.676997,-79.44748,112.900001525879,23.278,0,network,90,,,,,,,,,,
2018-08-16T05:23:28.000Z,43.676243,-79.451421,110.71923828125,9.648001,252.1,9.34,0,gps,0.9,0.8,1.2,-41.9,90,,,,
2018-08-16T05:24:28.301Z,43.674582,-79.458602,89.6999969482422,24.996,0,network,90,,,,,,,,,,
2018-08-16T05:25:29.816Z,43.674438,-79.460056,88.0999984741211,18.567,0,network,90,,,,,,,,,,
2018-08-16T05:26:48.687Z,43.674117,-79.459899,88.8000030517578,30.791,0,network,90,,,,,,,,,,
2018-08-16T05:27:49.690Z,43.674235,-79.46047,88.8000030517578,19.403,0,network,90,,,,,,,,,,
2018-08-16T05:28:51.216Z,43.674238,-79.460474,88.8000030517578,18.69,0,network,90,,,,,,,,,,
2018-08-16T05:30:29.000Z,43.673085,-79.4656,124.425598144531,26.800001,247.5,8.76,0,gps,1,0.9,1.3,-41.9,90,,,,
2018-08-16T05:31:29.281Z,43.671267,-79.473499,39.519,0,network,90,,,,,,,,,,,
2018-08-16T05:33:10.000Z,43.668383,-79.486098,78.5436401367187,19.296001,252.3,10.91,0,gps,1.1,0.9,1.4,-42,90,,,,
2018-08-16T05:34:27.000Z,43.666611,-79.496741,59.7000122070313,4.288,249.5,9.31,0,gps,0.7,0.7,1,-42,90,,,,
2018-08-16T05:35:52.000Z,43.662813,-79.505683,117.739562988281,9.648001,233,12.65,0,gps,0.9,0.8,1.2,-42,90,,,,
2018-08-16T05:37:27.000Z,43.657936,-79.518139,86.5225219726563,11.792,243.1,12.07,0,gps,0.9,0.8,1.2,-42,90,,,,
2018-08-16T05:38:56.757Z,43.651291,-79.526531,30.283,0,network,90,,,,,,,,,,,
2018-08-16T05:40:25.292Z,43.646054,-79.531087,92.5,19.085,0,network,90,,,,,,,,,,
2018-08-16T05:41:26.906Z,43.642819,-79.535449,94.3000030517578,19.223,0,network,90,,,,,,,,,,
2018-08-16T05:42:28.189Z,43.648355,-79.538564,36.9,0,network,90,,,,,,,,,,,
2018-08-16T05:43:59.000Z,43.65761,-79.542121,150.42333984375,12.864,343,11.06,0,gps,0.8,0.8,1.1,-42,90,,,,
2018-08-16T05:45:01.000Z,43.663278,-79.544705,89.9730834960937,6.432,341.1,13.47,0,gps,0.9,0.8,1.2,-42,90,,,,
2018-08-16T05:46:28.000Z,43.672247,-79.548677,105.2041015625,8.576,342.4,12.13,0,gps,0.8,0.8,1.2,-42,90,,,,
2018-08-16T05:47:52.000Z,43.678103,-79.546835,120.234802246094,7.504,74.2,13.32,0,gps,0.7,0.8,1.1,-42,90,,,,
2018-08-16T05:48:54.000Z,43.680103,-79.537428,116.383361816406,9.648001,73.5,12.8,0,gps,0.8,0.8,1.1,-42,90,,,,
2018-08-16T05:49:57.000Z,43.681995,-79.527689,100.964904785156,7.504,76.2,11.15,0,gps,0.8,0.8,1.2,-42,90,,,,
2018-08-16T05:50:58.095Z,43.682859,-79.523814,111.800476074219,5.36,76,14.06,14,gps,0.7,0.8,1.1,-42,90,,,,
2018-08-16T05:52:26.481Z,43.684542,-79.508134,44.06298828125,8.576,79.5,14.93,9,gps,-42,90,,,,,,,
2018-08-16T05:54:03.095Z,43.684193,-79.498984,120.09619140625,7.504,329.9,0.55,6,gps,-42,90,,,,,,,
2018-08-16T05:55:24.829Z,43.686782,-79.489796,88.1999969482422,19.13,0,network,90,,,,,,,,,,
2018-08-16T05:56:37.000Z,43.687312,-79.487044,69.4986572265625,17.152,79.7,8.13,0,gps,1.3,0.9,1.6,-42,90,,,,
2018-08-16T05:57:44.000Z,43.68826,-79.48324,58.4799194335938,6.432,0,0,gps,1.4,0.9,1.7,-42,90,,,,,
2018-08-16T05:59:07.906Z,43.689537,-79.477358,87.1999969482422,19.283,0,network,90,,,,,,,,,,
2018-08-16T06:00:39.174Z,43.691119,-79.470885,110.800003051758,20.466,0,network,89,,,,,,,,,,
2018-08-16T06:01:40.537Z,43.692984,-79.462712,122.099998474121,19.554,0,network,89,,,,,,,,,,
2018-08-16T06:02:41.963Z,43.694771,-79.454515,136.699996948242,25.167,0,network,89,,,,,,,,,,
2018-08-16T06:04:25.284Z,43.69607,-79.448245,18.722,0,network,89,,,,,,,,,,,
2018-08-16T06:05:49.439Z,43.697903,-79.439643,135.300003051758,18.808,0,network,89,,,,,,,,,,
2018-08-16T06:07:29.765Z,43.700038,-79.430034,19.299,0,network,89,,,,,,,,,,,
2018-08-16T06:09:13.145Z,43.702195,-79.419644,145.699996948242,19.287,0,network,89,,,,,,,,,,
2018-08-16T06:10:39.151Z,43.704354,-79.409701,170.491333007813,5.36,76,10.05,0,gps,0.8,0.8,1.1,-42,89,,,,
2018-08-16T06:11:40.810Z,43.70503,-79.406526,132.800003051758,18.549,0,network,89,,,,,,,,,,
2018-08-16T06:12:42.247Z,43.706374,-79.39977,39.192,0,network,89,,,,,,,,,,,
2018-08-16T06:14:25.394Z,43.708569,-79.389855,23.425,0,network,89,,,,,,,,,,,
2018-08-16T06:15:26.739Z,43.709761,-79.382965,149.300003051758,19.097,0,network,89,,,,,,,,,,
2018-08-16T06:17:10.213Z,43.712092,-79.371042,21.247,0,network,89,,,,,,,,,,,
2018-08-16T06:18:50.000Z,43.714411,-79.361122,91.2557373046875,6.432,74,12.36,0,gps,1.3,0.9,1.6,-41.9,89,,,,
2018-08-16T06:20:28.000Z,43.716116,-79.35365,45.643798828125,9.648001,69.7,12.78,0,gps,0.7,0.8,1,-41.8,89,,,,
2018-08-16T06:21:31.000Z,43.719049,-79.343896,45.5926513671875,19.296001,69.5,13.43,0,gps,1,0.8,1.3,-41.8,89,,,,
2018-08-16T06:22:33.000Z,43.720384,-79.339178,70.2196044921875,11.792,0,0,gps,0.6,0.8,1,-41.8,89,,,,,
2018-08-16T06:23:35.000Z,43.720944,-79.336821,76.099365234375,11.792,67.8,11.74,0,gps,0.7,0.8,1.1,-41.8,89,,,,
2018-08-16T06:24:35.343Z,43.723379,-79.327595,25.496,0,network,89,,,,,,,,,,,
2018-08-16T06:25:36.617Z,43.726427,-79.319017,28.443,0,network,89,,,,,,,,,,,
2018-08-16T06:26:40.000Z,43.724957,-79.313925,96.1533813476563,8.576,176.7,7.53,0,gps,0.9,0.8,1.2,-41.8,89,,,,
2018-08-16T06:27:54.000Z,43.717764,-79.313737,83.114990234375,10.72,163.2,11.64,0,gps,0.7,0.8,1.1,-41.8,89,,,,
2018-08-16T06:28:57.000Z,43.713033,-79.308782,67.3296508789062,10.72,120.6,10.17,0,gps,0.7,0.8,1,-41.8,89,,,,
2018-08-16T06:30:38.490Z,43.707477,-79.311345,26.486,0,network,89,,,,,,,,,,,
2018-08-16T06:31:40.712Z,43.705524,-79.312846,83.836181640625,6.432,210.7,3.76,0,gps,0.8,0.8,1.1,-41.8,89,,,,
2018-08-16T06:32:41.098Z,43.700008,-79.3181,19.761,0,network,89,,,,,,,,,,,
2018-08-16T06:34:25.370Z,43.692879,-79.315941,92.3000030517578,18.868,0,network,88,,,,,,,,,,
2018-08-16T06:35:49.130Z,43.685706,-79.312676,93.5,22.883,0,network,88,,,,,,,,,,
2018-08-16T06:37:31.281Z,43.679273,-79.309856,81.5,18.703,0,network,88,,,,,,,,,,
2018-08-16T06:38:32.467Z,43.672728,-79.307498,19.852,0,network,88,,,,,,,,,,,
2018-08-16T06:39:33.848Z,43.668879,-79.305907,19.555,0,network,88,,,,,,,,,,,
2018-08-16T06:40:50.713Z,43.666989,-79.313856,20.789,0,network,88,,,,,,,,,,,
2018-08-16T06:42:25.357Z,43.665051,-79.321727,44.7999992370606,24.9,0,network,88,,,,,,,,,,
2018-08-16T06:43:26.516Z,43.663677,-79.328837,45.2000007629395,19.676,0,network,88,,,,,,,,,,
2018-08-16T06:44:27.992Z,43.661961,-79.336279,44.0999984741211,19.588,0,network,88,,,,,,,,,,
2018-08-16T06:45:55.926Z,43.659557,-79.346869,45.4000015258789,18.862,0,network,88,,,,,,,,,,
2018-08-16T06:46:56.885Z,43.658268,-79.353135,19.583,0,network,88,,,,,,,,,,,
2018-08-16T06:48:31.030Z,43.656013,-79.363286,51.5,19.426,0,network,88,,,,,,,,,,
2018-08-16T06:49:32.773Z,43.655592,-79.365894,53.5,22.21,0,network,88,,,,,,,,,,
2018-08-16T06:51:01.496Z,43.652923,-79.376877,18.978,0,network,88,,,,,,,,,,,
2018-08-16T06:52:31.666Z,43.651591,-79.383319,53.2999992370606,19.695,0,network,88,,,,,,,,,,
2018-08-16T06:53:47.000Z,43.651129,-79.386409,56.9698486328125,15.008,326.6,1.39,0,gps,1.2,0.9,1.5,-41.8,88,,,,
2018-08-16T06:54:47.265Z,43.649854,-79.391129,53.4000015258789,19.894,0,network,88,,,,,,,,,,
2018-08-16T06:56:26.198Z,43.648663,-79.396208,55.8265380859375,6.432,249.7,7.14,0,gps,1,0.9,1.4,-41.9,88,,,,
2018-08-16T06:57:26.584Z,43.647798,-79.401051,56.7999992370605,18.528,0,network,88,,,,,,,,,,
2018-08-16T06:59:08.395Z,43.645115,-79.414003,58.9000015258789,18.53,0,network,88,,,,,,,,,,
2018-08-16T07:00:24.955Z,43.64416,-79.419483,54.2999992370605,26.368,0,network,88,,,,,,,,,,
2018-08-16T07:01:26.219Z,43.643389,-79.422738,56.0999984741211,18.66,0,network,88,,,,,,,,,,
2018-08-16T07:02:27.492Z,43.641785,-79.431032,59.4000015258789,19.047,0,network,88,,,,,,,,,,
2018-08-16T07:03:29.173Z,43.640612,-79.43717,29.599,0,network,87,,,,,,,,,,,
2018-08-16T07:05:10.000Z,43.638819,-79.448274,26.48095703125,6.432,285.6,11.78,0,gps,1.1,0.9,1.4,-41.9,87,,,,
2018-08-16T07:06:34.000Z,43.639505,-79.46021,39.9987182617187,8.576,258,11.71,0,gps,1,0.9,1.3,-41.9,87,,,,
2018-08-16T07:07:34.275Z,43.637333,-79.468537,24.894,0,network,87,,,,,,,,,,,
2018-08-16T07:08:35.797Z,43.637289,-79.469707,21.213,0,network,87,,,,,,,,,,,
2018-08-16T07:09:37.367Z,43.632176,-79.474565,22.72,0,network,87,,,,,,,,,,,
2018-08-16T07:10:41.000Z,43.630471,-79.48388,62.091064453125,7.504,253.3,11.9,0,gps,0.8,0.8,1.2,-42,87,,,,
2018-08-16T07:11:41.327Z,43.629473,-79.490301,19.397,0,network,87,,,,,,,,,,,
2018-08-16T07:12:42.900Z,43.627431,-79.497665,66.5,23.615,0,network,87,,,,,,,,,,
2018-08-16T07:14:25.406Z,43.625171,-79.508738,69.9000015258789,30,0,network,87,,,,,,,,,,
2018-08-16T07:15:31.000Z,43.622978,-79.518053,54.84130859375,10.72,252.9,12.98,0,gps,0.8,0.8,1.1,-42,87,,,,
2018-08-16T07:16:44.000Z,43.621381,-79.526941,41.4994506835938,10.72,328.6,6.72,0,gps,0.7,0.7,1,-42,87,,,,
2018-08-16T07:17:50.000Z,43.627583,-79.529244,79.1918334960937,8.576,342.5,10.1,0,gps,0.7,0.7,1,-42,87,,,,
2018-08-16T07:18:50.669Z,43.633024,-79.531554,84.95849609375,5.36,343.2,10.55,14,gps,0.7,0.7,1.1,-42,87,,,,
2018-08-16T07:20:24.948Z,43.639113,-79.536356,22.126,0,network,87,,,,,,,,,,,
2018-08-16T07:21:50.263Z,43.638462,-79.537495,107.900001525879,20.077,0,network,87,,,,,,,,,,
2018-08-16T07:22:51.587Z,43.643195,-79.532152,25.936,0,network,87,,,,,,,,,,,
2018-08-16T07:24:25.367Z,43.644625,-79.523614,19.278,0,network,87,,,,,,,,,,,
2018-08-16T07:25:27.036Z,43.645594,-79.520277,19.129,0,network,87,,,,,,,,,,,
2018-08-16T07:26:55.853Z,43.648208,-79.507354,81.9000015258789,20.819,0,network,87,,,,,,,,,,
2018-08-16T07:28:36.285Z,43.649431,-79.494764,19.084,0,network,87,,,,,,,,,,,
2018-08-16T07:29:37.599Z,43.648041,-79.485914,19.321,0,network,87,,,,,,,,,,,
2018-08-16T07:31:20.469Z,43.650718,-79.479004,76.4000015258789,26.854,0,network,87,,,,,,,,,,
2018-08-16T07:32:21.497Z,43.652115,-79.471609,70.5999984741211,18.72,0,network,87,,,,,,,,,,
2018-08-16T07:33:57.053Z,43.654812,-79.459531,21.414,0,network,87,,,,,,,,,,,
2018-08-16T07:35:01.000Z,43.656006,-79.454044,70.2545166015625,10.72,72.8,10,0,gps,-42,87,,,,,,,
2018-08-16T07:36:24.964Z,43.65824,-79.442984,76.5999984741211,20.656,0,network,86,,,,,,,,,,
2018-08-16T07:37:51.745Z,43.660186,-79.43374,76.4000015258789,20.422,0,network,86,,,,,,,,,,
2018-08-16T07:38:57.126Z,43.661824,-79.425967,26.597,0,network,86,,,,,,,,,,,
2018-08-16T07:40:25.318Z,43.664298,-79.414881,78,19.696,0,network,86,,,,,,,,,,
2018-08-16T07:41:26.588Z,43.665195,-79.41133,22.56,0,network,86,,,,,,,,,,,
2018-08-16T07:42:57.282Z,43.667341,-79.399765,20.002,0,network,86,,,,,,,,,,,
2018-08-16T07:44:28.000Z,43.669863,-79.389078,79.1089477539063,16.08,24.9,3.86,0,gps,1,0.8,1.3,-41.9,86,,,,
2018-08-16T07:45:28.323Z,43.670146,-79.386897,23.966,0,network,86,,,,,,,,,,,
2018-08-16T07:46:33.000Z,43.671012,-79.383724,81.134765625,13.936001,0,0,gps,1.1,0.9,1.4,-41.9,86,,,,,
2018-08-16T07:48:02.843Z,43.671656,-79.379036,20.371,0,network,86,,,,,,,,,,,
2018-08-16T07:49:07.000Z,43.673242,-79.37711,58.6860961914063,12.864,345.9,11.75,0,gps,0.8,0.7,1.1,-41.9,86,,,,
2018-08-16T07:50:49.444Z,43.679344,-79.381319,19.229,0,network,86,,,,,,,,,,,
2018-08-16T07:52:25.319Z,43.690169,-79.383196,112.800003051758,20.245,0,network,86,,,,,,,,,,
2018-08-16T07:53:27.068Z,43.688757,-79.391006,110.300003051758,22.384,0,network,86,,,,,,,,,,
2018-08-16T07:55:08.310Z,43.687355,-79.397721,113.5,19.581,0,network,86,,,,,,,,,,
2018-08-16T07:56:28.000Z,43.686232,-79.40356,134.068603515625,16.08,254.7,12.12,0,gps,0.8,0.8,1.1,-41.9,86,,,,
2018-08-16T07:58:08.055Z,43.684285,-79.413358,18.862,0,network,86,,,,,,,,,,,
2018-08-16T07:59:09.867Z,43.68334,-79.418464,29.085,0,network,86,,,,,,,,,,,
2018-08-16T08:00:28.000Z,43.682289,-79.416814,122.253540039063,16.08,74.9,2.92,0,gps,0.8,0.8,1.2,-41.9,86,,,,
2018-08-16T08:01:31.000Z,43.681748,-79.413272,154.312805175781,21.44,66.6,2.6,0,gps,1.4,0.8,1.6,-41.9,86,,,,
2018-08-16T08:03:13.808Z,43.682427,-79.415241,18.688,0,network,86,,,,,,,,,,,
2018-08-16T08:04:25.296Z,43.682996,-79.418263,126.900001525879,18.743,0,network,86,,,,,,,,,,
2018-08-16T08:05:52.000Z,43.691115,-79.421577,146.484191894531,9.648001,342.9,14.7,0,gps,1.1,0.8,1.3,-41.9,86,,,,
2018-08-16T08:06:52.279Z,43.698187,-79.424257,142.800003051758,19.92,0,network,86,,,,,,,,,,
2018-08-16T08:08:27.423Z,43.707674,-79.427042,150.5,18.593,0,network,86,,,,,,,,,,
2018-08-16T08:09:28.936Z,43.714761,-79.428617,150.5,19.758,0,network,86,,,,,,,,,,
2018-08-16T08:10:38.028Z,43.722076,-79.430394,148.5,18.688,0,network,86,,,,,,,,,,
2018-08-16T08:11:58.267Z,43.731692,-79.432696,23.981,0,network,86,,,,,,,,,,,
2018-08-16T08:13:30.000Z,43.737221,-79.433926,139.932861328125,9.648001,351.5,4.18,0,gps,0.9,0.8,1.3,-41.9,85,,,,
2018-08-16T08:14:32.648Z,43.744492,-79.435882,147.5,18.795,0,network,85,,,,,,,,,,
2018-08-16T08:15:34.046Z,43.752411,-79.437894,18.783,0,network,85,,,,,,,,,,,
2018-08-16T08:16:38.000Z,43.760822,-79.439686,145.657348632813,16.08,349.4,17.92,0,gps,0.7,0.7,1,-41.9,85,,,,
2018-08-16T08:18:08.122Z,43.772122,-79.442819,20.353,0,network,85,,,,,,,,,,,
2018-08-16T08:19:13.000Z,43.780674,-79.444677,153.515014648438,23.584,350.2,12.57,0,gps,1,0.9,1.3,-41.9,85,,,,
2018-08-16T08:20:49.445Z,43.787797,-79.44658,36.403,0,network,85,,,,,,,,,,,
2018-08-16T08:22:28.000Z,43.792114,-79.44745,182.676330566406,16.08,0,0,gps,0.8,0.8,1.2,-41.9,85,,,,,
2018-08-16T08:23:42.000Z,43.790397,-79.455257,152.525268554688,8.576,253.1,14.98,0,gps,0.7,0.7,1,-41.9,85,,,,
2018-08-16T08:24:44.000Z,43.787846,-79.467201,155.052001953125,11.792,252.9,16.58,0,gps,0.7,0.8,1.1,-41.9,85,,,,
2018-08-16T08:26:26.443Z,43.781514,-79.469266,133.159790039063,6.432,350.6,5.94,7,gps,1.3,0.9,1.6,-41.9,85,,,,
2018-08-16T08:27:29.000Z,43.783254,-79.468814,123.408569335938,13.936001,73.4,0.38,0,gps,-41.9,85,,,,,,,
2018-08-16T08:29:12.000Z,43.783175,-79.469029,133.424865722656,8.576,0,0,gps,1,0.8,1.2,-41.9,85,,,,,
